id,status,category,content_type,search_intent,main_keyword,expanded_keywords,title,quality_score,duplicate_status,cannibalization_status,max_existing_similarity,nearest_existing_title,decision_reason
1,pass,핏·착화감,blog,문제해결,러닝화 뒤꿈치 뜸,뒤꿈치 고정|레이스홀|장거리 붓기,"러닝화 뒤꿈치 뜸 불편할 때, 뒤꿈치 고정와 레이스홀 점검",93,unique,clear,0.31,정강이 통증이 잦을 때 러닝화 점검법,기존 일반 키워드를 상황·모델·행동 기준으로 분화
2,pass,핏·착화감,blog,문제해결,러닝화 발등 압박,발등 저림|러너스 루프|앞볼 압박,"러닝화 발등 압박 문제 신호, 발등 저림부터 러너스 루프까지",93,unique,clear,0.30,"러닝화 발볼 통증, 신발 문제인지 확인법",기존 일반 키워드를 상황·모델·행동 기준으로 분화
3,pass,핏·착화감,blog,문제해결,러닝화 앞코 여유,새끼발가락|장거리 붓기|토박스 공간,"러닝화 앞코 여유 안 맞는 이유, 새끼발가락·장거리 붓기 확인",95,unique,clear,0.39,새끼발가락이 쓸릴 때 러닝화 확인 순서,기존 일반 키워드를 상황·모델·행동 기준으로 분화
4,pass,핏·착화감,blog,문제해결,러닝화 토박스,레이스홀|앞볼 압박|뒤꿈치 고정,"러닝화 토박스 불편할 때, 레이스홀와 앞볼 압박 점검",93,unique,clear,0.56,"러닝화 뒤꿈치 뜸 불편할 때, 뒤꿈치 고정와 레이스홀 점검",기존 일반 키워드를 상황·모델·행동 기준으로 분화
5,pass,핏·착화감,blog,문제해결,러닝화 끈 묶기,러너스 루프|토박스 공간|발등 저림,"러닝화 끈 묶기 문제 신호, 러너스 루프부터 토박스 공간까지",93,unique,clear,0.59,"러닝화 발등 압박 문제 신호, 발등 저림부터 러너스 루프까지",기존 일반 키워드를 상황·모델·행동 기준으로 분화
6,pass,핏·착화감,blog,문제해결,러닝화 발가락 통증,장거리 붓기|뒤꿈치 고정|새끼발가락,"러닝화 발가락 통증 안 맞는 이유, 장거리 붓기·뒤꿈치 고정 확인",95,unique,clear,0.60,"러닝화 앞코 여유 안 맞는 이유, 새끼발가락·장거리 붓기 확인",기존 일반 키워드를 상황·모델·행동 기준으로 분화
7,pass,핏·착화감,blog,문제해결,러닝화 물집,앞볼 압박|발등 저림|레이스홀,"러닝화 물집 불편할 때, 앞볼 압박와 발등 저림 점검",93,unique,clear,0.56,"러닝화 토박스 불편할 때, 레이스홀와 앞볼 압박 점검",기존 일반 키워드를 상황·모델·행동 기준으로 분화
8,pass,핏·착화감,blog,문제해결,러닝화 갑피 압박,토박스 공간|새끼발가락|러너스 루프,"러닝화 갑피 압박 문제 신호, 토박스 공간부터 새끼발가락까지",93,unique,clear,0.53,"러닝화 끈 묶기 문제 신호, 러너스 루프부터 토박스 공간까지",기존 일반 키워드를 상황·모델·행동 기준으로 분화
9,pass,핏·착화감,blog,문제해결,러닝화 양말 두께,뒤꿈치 고정|레이스홀|장거리 붓기,"러닝화 양말 두께 안 맞는 이유, 뒤꿈치 고정·레이스홀 확인",95,unique,clear,0.47,"러닝화 발가락 통증 안 맞는 이유, 장거리 붓기·뒤꿈치 고정 확인",기존 일반 키워드를 상황·모델·행동 기준으로 분화
10,pass,핏·착화감,blog,문제해결,러닝화 뒤꿈치 뜸,새끼발가락|장거리 붓기|앞볼 압박,"러닝화 뒤꿈치 뜸 불편할 때, 새끼발가락와 장거리 붓기 점검",93,unique,clear,0.47,"러닝화 뒤꿈치 뜸 불편할 때, 뒤꿈치 고정와 레이스홀 점검",기존 일반 키워드를 상황·모델·행동 기준으로 분화
11,pass,핏·착화감,blog,문제해결,러닝화 발등 압박,레이스홀|앞볼 압박|토박스 공간,"러닝화 발등 압박 문제 신호, 레이스홀부터 앞볼 압박까지",93,unique,clear,0.62,"러닝화 발등 압박 문제 신호, 발등 저림부터 러너스 루프까지",기존 일반 키워드를 상황·모델·행동 기준으로 분화
12,pass,핏·착화감,blog,문제해결,러닝화 앞코 여유,러너스 루프|토박스 공간|뒤꿈치 고정,"러닝화 앞코 여유 안 맞는 이유, 러너스 루프·토박스 공간 확인",95,unique,clear,0.42,"러닝화 앞코 여유 안 맞는 이유, 새끼발가락·장거리 붓기 확인",기존 일반 키워드를 상황·모델·행동 기준으로 분화
13,pass,핏·착화감,blog,문제해결,러닝화 토박스,장거리 붓기|뒤꿈치 고정|발등 저림,"러닝화 토박스 불편할 때, 장거리 붓기와 뒤꿈치 고정 점검",93,unique,clear,0.62,"러닝화 뒤꿈치 뜸 불편할 때, 새끼발가락와 장거리 붓기 점검",기존 일반 키워드를 상황·모델·행동 기준으로 분화
14,pass,핏·착화감,blog,문제해결,러닝화 끈 묶기,앞볼 압박|발등 저림|새끼발가락,"러닝화 끈 묶기 문제 신호, 앞볼 압박부터 발등 저림까지",93,unique,clear,0.65,"러닝화 발등 압박 문제 신호, 발등 저림부터 러너스 루프까지",기존 일반 키워드를 상황·모델·행동 기준으로 분화
15,pass,핏·착화감,blog,문제해결,러닝화 발가락 통증,토박스 공간|새끼발가락|레이스홀,"러닝화 발가락 통증 안 맞는 이유, 토박스 공간·새끼발가락 확인",95,unique,clear,0.54,"러닝화 앞코 여유 안 맞는 이유, 러너스 루프·토박스 공간 확인",기존 일반 키워드를 상황·모델·행동 기준으로 분화
16,pass,핏·착화감,blog,문제해결,러닝화 양말 두께,새끼발가락|장거리 붓기|앞볼 압박,"러닝화 양말 두께 안 맞는 이유, 새끼발가락·장거리 붓기 확인",95,unique,clear,0.74,"러닝화 앞코 여유 안 맞는 이유, 새끼발가락·장거리 붓기 확인",기존 일반 키워드를 상황·모델·행동 기준으로 분화
17,pass,핏·착화감,blog,문제해결,러닝화 뒤꿈치 뜸,러너스 루프|토박스 공간|토박스 공간,"러닝화 뒤꿈치 뜸 불편할 때, 러너스 루프와 토박스 공간 점검",93,unique,clear,0.56,"러닝화 뒤꿈치 뜸 불편할 때, 뒤꿈치 고정와 레이스홀 점검",기존 일반 키워드를 상황·모델·행동 기준으로 분화
18,pass,핏·착화감,blog,문제해결,러닝화 발등 압박,장거리 붓기|뒤꿈치 고정|뒤꿈치 고정,"러닝화 발등 압박 문제 신호, 장거리 붓기부터 뒤꿈치 고정까지",93,unique,clear,0.52,"러닝화 끈 묶기 문제 신호, 앞볼 압박부터 발등 저림까지",기존 일반 키워드를 상황·모델·행동 기준으로 분화
19,pass,핏·착화감,blog,문제해결,러닝화 앞코 여유,앞볼 압박|발등 저림|발등 저림,"러닝화 앞코 여유 안 맞는 이유, 앞볼 압박·발등 저림 확인",95,unique,clear,0.52,"러닝화 앞코 여유 안 맞는 이유, 러너스 루프·토박스 공간 확인",기존 일반 키워드를 상황·모델·행동 기준으로 분화
20,pass,핏·착화감,blog,문제해결,러닝화 토박스,토박스 공간|새끼발가락|새끼발가락,"러닝화 토박스 불편할 때, 토박스 공간와 새끼발가락 점검",93,unique,clear,0.56,"러닝화 뒤꿈치 뜸 불편할 때, 러너스 루프와 토박스 공간 점검",기존 일반 키워드를 상황·모델·행동 기준으로 분화
21,pass,핏·착화감,blog,문제해결,러닝화 끈 묶기,뒤꿈치 고정|레이스홀|레이스홀,"러닝화 끈 묶기 문제 신호, 뒤꿈치 고정부터 레이스홀까지",93,unique,clear,0.55,"러닝화 발등 압박 문제 신호, 장거리 붓기부터 뒤꿈치 고정까지",기존 일반 키워드를 상황·모델·행동 기준으로 분화
22,pass,핏·착화감,blog,문제해결,러닝화 발가락 통증,발등 저림|러너스 루프|러너스 루프,"러닝화 발가락 통증 안 맞는 이유, 발등 저림·러너스 루프 확인",95,unique,clear,0.57,"러닝화 발가락 통증 안 맞는 이유, 토박스 공간·새끼발가락 확인",기존 일반 키워드를 상황·모델·행동 기준으로 분화
23,pass,핏·착화감,blog,문제해결,러닝화 물집,새끼발가락|장거리 붓기|장거리 붓기,"러닝화 물집 불편할 때, 새끼발가락와 장거리 붓기 점검",93,unique,clear,0.77,"러닝화 뒤꿈치 뜸 불편할 때, 새끼발가락와 장거리 붓기 점검",기존 일반 키워드를 상황·모델·행동 기준으로 분화
24,pass,핏·착화감,blog,문제해결,러닝화 양말 두께,러너스 루프|토박스 공간|토박스 공간,"러닝화 양말 두께 안 맞는 이유, 러너스 루프·토박스 공간 확인",95,unique,clear,0.72,"러닝화 앞코 여유 안 맞는 이유, 러너스 루프·토박스 공간 확인",기존 일반 키워드를 상황·모델·행동 기준으로 분화
25,pass,핏·착화감,blog,문제해결,러닝화 뒤꿈치 뜸,앞볼 압박|발등 저림|뒤꿈치 고정,"러닝화 뒤꿈치 뜸 불편할 때, 앞볼 압박와 발등 저림 점검",93,unique,clear,0.75,"러닝화 물집 불편할 때, 앞볼 압박와 발등 저림 점검",기존 일반 키워드를 상황·모델·행동 기준으로 분화
26,pass,핏·착화감,blog,문제해결,러닝화 앞코 여유,뒤꿈치 고정|레이스홀|새끼발가락,"러닝화 앞코 여유 안 맞는 이유, 뒤꿈치 고정·레이스홀 확인",95,unique,clear,0.72,"러닝화 양말 두께 안 맞는 이유, 뒤꿈치 고정·레이스홀 확인",기존 일반 키워드를 상황·모델·행동 기준으로 분화
27,pass,핏·착화감,blog,문제해결,러닝화 토박스,발등 저림|러너스 루프|레이스홀,"러닝화 토박스 불편할 때, 발등 저림와 러너스 루프 점검",93,unique,clear,0.62,"러닝화 뒤꿈치 뜸 불편할 때, 러너스 루프와 토박스 공간 점검",기존 일반 키워드를 상황·모델·행동 기준으로 분화
28,pass,핏·착화감,blog,문제해결,러닝화 끈 묶기,새끼발가락|장거리 붓기|러너스 루프,"러닝화 끈 묶기 문제 신호, 새끼발가락부터 장거리 붓기까지",93,unique,clear,0.55,"러닝화 발등 압박 문제 신호, 장거리 붓기부터 뒤꿈치 고정까지",기존 일반 키워드를 상황·모델·행동 기준으로 분화
29,pass,핏·착화감,blog,문제해결,러닝화 발가락 통증,레이스홀|앞볼 압박|장거리 붓기,"러닝화 발가락 통증 안 맞는 이유, 레이스홀·앞볼 압박 확인",95,unique,clear,0.63,"러닝화 발가락 통증 안 맞는 이유, 토박스 공간·새끼발가락 확인",기존 일반 키워드를 상황·모델·행동 기준으로 분화
30,pass,핏·착화감,blog,문제해결,러닝화 물집,러너스 루프|토박스 공간|앞볼 압박,"러닝화 물집 불편할 때, 러너스 루프와 토박스 공간 점검",93,unique,clear,0.75,"러닝화 뒤꿈치 뜸 불편할 때, 러너스 루프와 토박스 공간 점검",기존 일반 키워드를 상황·모델·행동 기준으로 분화
31,pass,핏·착화감,blog,문제해결,러닝화 양말 두께,앞볼 압박|발등 저림|뒤꿈치 고정,"러닝화 양말 두께 안 맞는 이유, 앞볼 압박·발등 저림 확인",95,unique,clear,0.75,"러닝화 앞코 여유 안 맞는 이유, 앞볼 압박·발등 저림 확인",기존 일반 키워드를 상황·모델·행동 기준으로 분화
32,pass,사이즈·치수,blog,의사결정,나이키 페가수스 사이즈,반업|US 사이즈|교환 전,"나이키 페가수스 사이즈 기준, 반업와 US 사이즈 차이",95,unique,clear,0.26,"나이키 vs 아식스, 러너 유형별 선택 기준",기존 일반 키워드를 상황·모델·행동 기준으로 분화
33,pass,사이즈·치수,blog,의사결정,호카 본디 사이즈,정사이즈|EU 사이즈|양말 두께,"호카 본디 사이즈 이해하기, 정사이즈·EU 사이즈 핵심",93,unique,clear,0.24,"러닝화 사이즈 변환, KR·US·EU 차이 정리",기존 일반 키워드를 상황·모델·행동 기준으로 분화
34,pass,사이즈·치수,blog,의사결정,아식스 카야노 사이즈,발볼|교환 전|오후 피팅,"아식스 카야노 사이즈 FAQ, 발볼와 교환 전 질문",93,unique,clear,0.29,미즈노 웨이브와 아식스 젤 쿠션 차이,기존 일반 키워드를 상황·모델·행동 기준으로 분화
35,pass,사이즈·치수,blog,의사결정,브룩스 고스트 사이즈,US 사이즈|양말 두께|반업,"브룩스 고스트 사이즈 기준, US 사이즈와 양말 두께 차이",95,unique,clear,0.40,"나이키 페가수스 사이즈 기준, 반업와 US 사이즈 차이",기존 일반 키워드를 상황·모델·행동 기준으로 분화
36,pass,사이즈·치수,blog,의사결정,뉴발란스 1080 사이즈,EU 사이즈|오후 피팅|정사이즈,"뉴발란스 1080 사이즈 이해하기, EU 사이즈·오후 피팅 핵심",93,unique,clear,0.38,"호카 본디 사이즈 이해하기, 정사이즈·EU 사이즈 핵심",기존 일반 키워드를 상황·모델·행동 기준으로 분화
37,pass,사이즈·치수,blog,의사결정,러닝화 반업 기준,교환 전|반업|발볼,"러닝화 반업 기준 FAQ, 교환 전와 반업 질문",95,unique,clear,0.26,"평발 러닝화 선택 기준, 안정화가 전부일까",기존 일반 키워드를 상황·모델·행동 기준으로 분화
38,pass,사이즈·치수,blog,의사결정,러닝화 정사이즈,양말 두께|정사이즈|US 사이즈,"러닝화 정사이즈 기준, 양말 두께와 정사이즈 차이",95,unique,clear,0.50,"브룩스 고스트 사이즈 기준, US 사이즈와 양말 두께 차이",기존 일반 키워드를 상황·모델·행동 기준으로 분화
39,pass,사이즈·치수,blog,의사결정,직구 러닝화 사이즈,오후 피팅|발볼|EU 사이즈,"직구 러닝화 사이즈 이해하기, 오후 피팅·발볼 핵심",93,unique,clear,0.48,"뉴발란스 1080 사이즈 이해하기, EU 사이즈·오후 피팅 핵심",기존 일반 키워드를 상황·모델·행동 기준으로 분화
40,pass,사이즈·치수,blog,의사결정,나이키 페가수스 사이즈,정사이즈|EU 사이즈|교환 전,"나이키 페가수스 사이즈 FAQ, 정사이즈와 EU 사이즈 질문",93,unique,clear,0.52,"나이키 페가수스 사이즈 기준, 반업와 US 사이즈 차이",기존 일반 키워드를 상황·모델·행동 기준으로 분화
41,pass,사이즈·치수,blog,의사결정,호카 본디 사이즈,발볼|교환 전|양말 두께,"호카 본디 사이즈 기준, 발볼와 교환 전 차이",95,unique,clear,0.43,"아식스 카야노 사이즈 FAQ, 발볼와 교환 전 질문",기존 일반 키워드를 상황·모델·행동 기준으로 분화
42,pass,사이즈·치수,blog,의사결정,아식스 카야노 사이즈,US 사이즈|양말 두께|오후 피팅,"아식스 카야노 사이즈 이해하기, US 사이즈·양말 두께 핵심",93,unique,clear,0.41,"브룩스 고스트 사이즈 기준, US 사이즈와 양말 두께 차이",기존 일반 키워드를 상황·모델·행동 기준으로 분화
43,pass,사이즈·치수,blog,의사결정,브룩스 고스트 사이즈,EU 사이즈|오후 피팅|반업,"브룩스 고스트 사이즈 FAQ, EU 사이즈와 오후 피팅 질문",93,unique,clear,0.40,"브룩스 고스트 사이즈 기준, US 사이즈와 양말 두께 차이",기존 일반 키워드를 상황·모델·행동 기준으로 분화
44,pass,사이즈·치수,blog,의사결정,뉴발란스 1080 사이즈,교환 전|반업|정사이즈,"뉴발란스 1080 사이즈 기준, 교환 전와 반업 차이",95,unique,clear,0.46,"호카 본디 사이즈 기준, 발볼와 교환 전 차이",기존 일반 키워드를 상황·모델·행동 기준으로 분화
45,pass,사이즈·치수,blog,의사결정,러닝화 반업 기준,양말 두께|정사이즈|발볼,"러닝화 반업 기준 이해하기, 양말 두께·정사이즈 핵심",95,unique,clear,0.62,"러닝화 정사이즈 기준, 양말 두께와 정사이즈 차이",기존 일반 키워드를 상황·모델·행동 기준으로 분화
46,pass,사이즈·치수,blog,의사결정,러닝화 정사이즈,오후 피팅|발볼|US 사이즈,"러닝화 정사이즈 FAQ, 오후 피팅와 발볼 질문",93,unique,clear,0.52,"직구 러닝화 사이즈 이해하기, 오후 피팅·발볼 핵심",기존 일반 키워드를 상황·모델·행동 기준으로 분화
47,pass,사이즈·치수,blog,의사결정,직구 러닝화 사이즈,반업|US 사이즈|EU 사이즈,"직구 러닝화 사이즈 기준, 반업와 US 사이즈 차이",95,unique,clear,0.50,"나이키 페가수스 사이즈 기준, 반업와 US 사이즈 차이",기존 일반 키워드를 상황·모델·행동 기준으로 분화
48,pass,사이즈·치수,blog,의사결정,나이키 페가수스 사이즈,발볼|교환 전|교환 전,"나이키 페가수스 사이즈 이해하기, 발볼·교환 전 핵심",93,unique,clear,0.38,"나이키 페가수스 사이즈 기준, 반업와 US 사이즈 차이",기존 일반 키워드를 상황·모델·행동 기준으로 분화
49,pass,사이즈·치수,blog,의사결정,호카 본디 사이즈,US 사이즈|양말 두께|양말 두께,"호카 본디 사이즈 FAQ, US 사이즈와 양말 두께 질문",93,unique,clear,0.42,"브룩스 고스트 사이즈 기준, US 사이즈와 양말 두께 차이",기존 일반 키워드를 상황·모델·행동 기준으로 분화
50,pass,사이즈·치수,blog,의사결정,아식스 카야노 사이즈,EU 사이즈|오후 피팅|오후 피팅,"아식스 카야노 사이즈 기준, EU 사이즈와 오후 피팅 차이",95,unique,clear,0.44,"브룩스 고스트 사이즈 FAQ, EU 사이즈와 오후 피팅 질문",기존 일반 키워드를 상황·모델·행동 기준으로 분화
51,pass,사이즈·치수,blog,의사결정,브룩스 고스트 사이즈,교환 전|반업|반업,"브룩스 고스트 사이즈 이해하기, 교환 전·반업 핵심",93,unique,clear,0.48,"나이키 페가수스 사이즈 이해하기, 발볼·교환 전 핵심",기존 일반 키워드를 상황·모델·행동 기준으로 분화
52,pass,사이즈·치수,blog,의사결정,뉴발란스 1080 사이즈,양말 두께|정사이즈|정사이즈,"뉴발란스 1080 사이즈 FAQ, 양말 두께와 정사이즈 질문",93,unique,clear,0.42,"뉴발란스 1080 사이즈 기준, 교환 전와 반업 차이",기존 일반 키워드를 상황·모델·행동 기준으로 분화
53,pass,사이즈·치수,blog,의사결정,러닝화 반업 기준,오후 피팅|발볼|발볼,"러닝화 반업 기준 기준, 오후 피팅와 발볼 차이",95,unique,clear,0.52,"러닝화 정사이즈 FAQ, 오후 피팅와 발볼 질문",기존 일반 키워드를 상황·모델·행동 기준으로 분화
54,pass,사이즈·치수,blog,의사결정,러닝화 정사이즈,반업|US 사이즈|US 사이즈,"러닝화 정사이즈 이해하기, 반업·US 사이즈 핵심",93,unique,clear,0.67,"러닝화 반업 기준 이해하기, 양말 두께·정사이즈 핵심",기존 일반 키워드를 상황·모델·행동 기준으로 분화
55,pass,사이즈·치수,blog,의사결정,직구 러닝화 사이즈,정사이즈|EU 사이즈|EU 사이즈,"직구 러닝화 사이즈 FAQ, 정사이즈와 EU 사이즈 질문",93,unique,clear,0.50,"러닝화 정사이즈 FAQ, 오후 피팅와 발볼 질문",기존 일반 키워드를 상황·모델·행동 기준으로 분화
56,pass,사이즈·치수,blog,의사결정,나이키 페가수스 사이즈,US 사이즈|양말 두께|교환 전,"나이키 페가수스 사이즈 기준, US 사이즈와 양말 두께 차이",95,unique,clear,0.71,"나이키 페가수스 사이즈 기준, 반업와 US 사이즈 차이",기존 일반 키워드를 상황·모델·행동 기준으로 분화
57,pass,사이즈·치수,blog,의사결정,호카 본디 사이즈,EU 사이즈|오후 피팅|양말 두께,"호카 본디 사이즈 이해하기, EU 사이즈·오후 피팅 핵심",93,unique,clear,0.74,"호카 본디 사이즈 이해하기, 정사이즈·EU 사이즈 핵심",기존 일반 키워드를 상황·모델·행동 기준으로 분화
58,pass,사이즈·치수,blog,의사결정,아식스 카야노 사이즈,교환 전|반업|오후 피팅,"아식스 카야노 사이즈 FAQ, 교환 전와 반업 질문",93,unique,clear,0.79,"아식스 카야노 사이즈 FAQ, 발볼와 교환 전 질문",기존 일반 키워드를 상황·모델·행동 기준으로 분화
59,pass,사이즈·치수,blog,의사결정,러닝화 반업 기준,반업|US 사이즈|발볼,"러닝화 반업 기준 FAQ, 반업와 US 사이즈 질문",95,unique,clear,0.72,"직구 러닝화 사이즈 기준, 반업와 US 사이즈 차이",기존 일반 키워드를 상황·모델·행동 기준으로 분화
60,pass,사이즈·치수,blog,의사결정,러닝화 정사이즈,정사이즈|EU 사이즈|US 사이즈,"러닝화 정사이즈 기준, 정사이즈와 EU 사이즈 차이",95,unique,clear,0.65,"러닝화 정사이즈 기준, 양말 두께와 정사이즈 차이",기존 일반 키워드를 상황·모델·행동 기준으로 분화
61,pass,사이즈·치수,blog,의사결정,직구 러닝화 사이즈,발볼|교환 전|EU 사이즈,"직구 러닝화 사이즈 이해하기, 발볼·교환 전 핵심",93,unique,clear,0.68,"직구 러닝화 사이즈 이해하기, 오후 피팅·발볼 핵심",기존 일반 키워드를 상황·모델·행동 기준으로 분화
62,pass,사이즈·치수,blog,의사결정,나이키 페가수스 사이즈,EU 사이즈|오후 피팅|교환 전,"나이키 페가수스 사이즈 FAQ, EU 사이즈와 오후 피팅 질문",93,unique,clear,0.74,"나이키 페가수스 사이즈 FAQ, 정사이즈와 EU 사이즈 질문",기존 일반 키워드를 상황·모델·행동 기준으로 분화
63,pass,사이즈·치수,blog,의사결정,호카 본디 사이즈,교환 전|반업|양말 두께,"호카 본디 사이즈 기준, 교환 전와 반업 차이",95,unique,clear,0.78,"호카 본디 사이즈 기준, 발볼와 교환 전 차이",기존 일반 키워드를 상황·모델·행동 기준으로 분화
64,pass,브랜드·모델 비교,blog,비교형,본디와 클리프톤,쿠션감|데일리런|안정성,"본디와 클리프톤, 쿠션감와 데일리런 중 먼저 볼 기준",95,unique,clear,0.23,"러닝화 추천 기준, 쿠셔닝보다 먼저 볼 것",기존 일반 키워드를 상황·모델·행동 기준으로 분화
65,pass,브랜드·모델 비교,blog,비교형,1080과 모어,발볼|무게|회복주,"1080과 모어 선택 기준, 발볼보다 무게가 중요할 때",95,unique,clear,0.27,과외전 러너가 꼭 알아야 할 신발 선택 기준,기존 일반 키워드를 상황·모델·행동 기준으로 분화
66,pass,브랜드·모델 비교,blog,비교형,카야노와 GT-2000,장거리|안정성|가격대,"카야노와 GT-2000 고르는 법, 장거리·안정성 실패 줄이기",93,unique,clear,0.23,"러닝화 발가락 통증 안 맞는 이유, 장거리 붓기·뒤꿈치 고정 확인",기존 일반 키워드를 상황·모델·행동 기준으로 분화
67,pass,브랜드·모델 비교,blog,비교형,고스트와 글리세린,데일리런|회복주|쿠션감,"고스트와 글리세린, 데일리런와 회복주 중 먼저 볼 기준",95,unique,clear,0.39,"본디와 클리프톤, 쿠션감와 데일리런 중 먼저 볼 기준",기존 일반 키워드를 상황·모델·행동 기준으로 분화
68,pass,브랜드·모델 비교,blog,비교형,페가수스와 보메로,무게|가격대|발볼,"페가수스와 보메로 선택 기준, 무게보다 가격대가 중요할 때",95,unique,clear,0.45,"1080과 모어 선택 기준, 발볼보다 무게가 중요할 때",기존 일반 키워드를 상황·모델·행동 기준으로 분화
69,pass,브랜드·모델 비교,blog,비교형,노바블라스트와 님버스,안정성|쿠션감|장거리,"노바블라스트와 님버스 고르는 법, 안정성·쿠션감 실패 줄이기",93,unique,clear,0.42,"카야노와 GT-2000 고르는 법, 장거리·안정성 실패 줄이기",기존 일반 키워드를 상황·모델·행동 기준으로 분화
70,pass,브랜드·모델 비교,blog,비교형,레벨과 보스턴,회복주|발볼|데일리런,"레벨과 보스턴, 회복주와 발볼 중 먼저 볼 기준",95,unique,clear,0.42,"고스트와 글리세린, 데일리런와 회복주 중 먼저 볼 기준",기존 일반 키워드를 상황·모델·행동 기준으로 분화
71,pass,브랜드·모델 비교,blog,비교형,클라우드몬스터와 본디,가격대|장거리|무게,"클라우드몬스터와 본디 선택 기준, 가격대보다 장거리가 중요할 때",95,unique,clear,0.47,"페가수스와 보메로 선택 기준, 무게보다 가격대가 중요할 때",기존 일반 키워드를 상황·모델·행동 기준으로 분화
72,pass,브랜드·모델 비교,blog,비교형,트라이엄프와 글리세린,쿠션감|데일리런|안정성,"트라이엄프와 글리세린 고르는 법, 쿠션감·데일리런 실패 줄이기",93,unique,clear,0.45,"노바블라스트와 님버스 고르는 법, 안정성·쿠션감 실패 줄이기",기존 일반 키워드를 상황·모델·행동 기준으로 분화
73,pass,브랜드·모델 비교,blog,비교형,본디와 클리프톤,장거리|안정성|회복주,"본디와 클리프톤, 장거리와 안정성 중 먼저 볼 기준",95,unique,clear,0.54,"본디와 클리프톤, 쿠션감와 데일리런 중 먼저 볼 기준",기존 일반 키워드를 상황·모델·행동 기준으로 분화
74,pass,브랜드·모델 비교,blog,비교형,1080과 모어,데일리런|회복주|가격대,"1080과 모어 선택 기준, 데일리런보다 회복주가 중요할 때",95,unique,clear,0.61,"1080과 모어 선택 기준, 발볼보다 무게가 중요할 때",기존 일반 키워드를 상황·모델·행동 기준으로 분화
75,pass,브랜드·모델 비교,blog,비교형,카야노와 GT-2000,무게|가격대|쿠션감,"카야노와 GT-2000 고르는 법, 무게·가격대 실패 줄이기",93,unique,clear,0.61,"카야노와 GT-2000 고르는 법, 장거리·안정성 실패 줄이기",기존 일반 키워드를 상황·모델·행동 기준으로 분화
76,pass,브랜드·모델 비교,blog,비교형,고스트와 글리세린,안정성|쿠션감|발볼,"고스트와 글리세린, 안정성와 쿠션감 중 먼저 볼 기준",95,unique,clear,0.54,"고스트와 글리세린, 데일리런와 회복주 중 먼저 볼 기준",기존 일반 키워드를 상황·모델·행동 기준으로 분화
77,pass,브랜드·모델 비교,blog,비교형,페가수스와 보메로,회복주|발볼|장거리,"페가수스와 보메로 선택 기준, 회복주보다 발볼가 중요할 때",95,unique,clear,0.65,"페가수스와 보메로 선택 기준, 무게보다 가격대가 중요할 때",기존 일반 키워드를 상황·모델·행동 기준으로 분화
78,pass,브랜드·모델 비교,blog,비교형,노바블라스트와 님버스,가격대|장거리|데일리런,"노바블라스트와 님버스 고르는 법, 가격대·장거리 실패 줄이기",93,unique,clear,0.60,"노바블라스트와 님버스 고르는 법, 안정성·쿠션감 실패 줄이기",기존 일반 키워드를 상황·모델·행동 기준으로 분화
79,pass,브랜드·모델 비교,blog,비교형,레벨과 보스턴,쿠션감|데일리런|무게,"레벨과 보스턴, 쿠션감와 데일리런 중 먼저 볼 기준",95,unique,clear,0.56,"본디와 클리프톤, 쿠션감와 데일리런 중 먼저 볼 기준",기존 일반 키워드를 상황·모델·행동 기준으로 분화
80,pass,브랜드·모델 비교,blog,비교형,클라우드몬스터와 본디,발볼|무게|안정성,"클라우드몬스터와 본디 선택 기준, 발볼보다 무게가 중요할 때",95,unique,clear,0.70,"클라우드몬스터와 본디 선택 기준, 가격대보다 장거리가 중요할 때",기존 일반 키워드를 상황·모델·행동 기준으로 분화
81,pass,브랜드·모델 비교,blog,비교형,트라이엄프와 글리세린,장거리|안정성|회복주,"트라이엄프와 글리세린 고르는 법, 장거리·안정성 실패 줄이기",93,unique,clear,0.62,"트라이엄프와 글리세린 고르는 법, 쿠션감·데일리런 실패 줄이기",기존 일반 키워드를 상황·모델·행동 기준으로 분화
82,pass,브랜드·모델 비교,blog,비교형,본디와 클리프톤,무게|가격대|가격대,"본디와 클리프톤, 무게와 가격대 중 먼저 볼 기준",95,unique,clear,0.57,"본디와 클리프톤, 장거리와 안정성 중 먼저 볼 기준",기존 일반 키워드를 상황·모델·행동 기준으로 분화
83,pass,브랜드·모델 비교,blog,비교형,1080과 모어,안정성|쿠션감|쿠션감,"1080과 모어 선택 기준, 안정성보다 쿠션감가 중요할 때",95,unique,clear,0.63,"1080과 모어 선택 기준, 발볼보다 무게가 중요할 때",기존 일반 키워드를 상황·모델·행동 기준으로 분화
84,pass,브랜드·모델 비교,blog,비교형,카야노와 GT-2000,회복주|발볼|발볼,"카야노와 GT-2000 고르는 법, 회복주·발볼 실패 줄이기",93,unique,clear,0.63,"카야노와 GT-2000 고르는 법, 무게·가격대 실패 줄이기",기존 일반 키워드를 상황·모델·행동 기준으로 분화
85,pass,브랜드·모델 비교,blog,비교형,고스트와 글리세린,가격대|장거리|장거리,"고스트와 글리세린, 가격대와 장거리 중 먼저 볼 기준",95,unique,clear,0.56,"고스트와 글리세린, 데일리런와 회복주 중 먼저 볼 기준",기존 일반 키워드를 상황·모델·행동 기준으로 분화
86,pass,브랜드·모델 비교,blog,비교형,페가수스와 보메로,쿠션감|데일리런|데일리런,"페가수스와 보메로 선택 기준, 쿠션감보다 데일리런가 중요할 때",95,unique,clear,0.61,"페가수스와 보메로 선택 기준, 무게보다 가격대가 중요할 때",기존 일반 키워드를 상황·모델·행동 기준으로 분화
87,pass,브랜드·모델 비교,blog,비교형,노바블라스트와 님버스,발볼|무게|무게,"노바블라스트와 님버스 고르는 법, 발볼·무게 실패 줄이기",93,unique,clear,0.64,"노바블라스트와 님버스 고르는 법, 안정성·쿠션감 실패 줄이기",기존 일반 키워드를 상황·모델·행동 기준으로 분화
88,pass,브랜드·모델 비교,blog,비교형,레벨과 보스턴,장거리|안정성|안정성,"레벨과 보스턴, 장거리와 안정성 중 먼저 볼 기준",95,unique,clear,0.57,"레벨과 보스턴, 회복주와 발볼 중 먼저 볼 기준",기존 일반 키워드를 상황·모델·행동 기준으로 분화
89,pass,브랜드·모델 비교,blog,비교형,클라우드몬스터와 본디,데일리런|회복주|회복주,"클라우드몬스터와 본디 선택 기준, 데일리런보다 회복주가 중요할 때",95,unique,clear,0.69,"클라우드몬스터와 본디 선택 기준, 가격대보다 장거리가 중요할 때",기존 일반 키워드를 상황·모델·행동 기준으로 분화
90,pass,브랜드·모델 비교,blog,비교형,트라이엄프와 글리세린,무게|가격대|가격대,"트라이엄프와 글리세린 고르는 법, 무게·가격대 실패 줄이기",93,unique,clear,0.64,"트라이엄프와 글리세린 고르는 법, 장거리·안정성 실패 줄이기",기존 일반 키워드를 상황·모델·행동 기준으로 분화
91,pass,브랜드·모델 비교,blog,비교형,본디와 클리프톤,회복주|발볼|쿠션감,"본디와 클리프톤, 회복주와 발볼 중 먼저 볼 기준",95,unique,clear,0.59,"본디와 클리프톤, 장거리와 안정성 중 먼저 볼 기준",기존 일반 키워드를 상황·모델·행동 기준으로 분화
92,pass,브랜드·모델 비교,blog,비교형,1080과 모어,가격대|장거리|발볼,"1080과 모어 선택 기준, 가격대보다 장거리가 중요할 때",95,unique,clear,0.65,"1080과 모어 선택 기준, 발볼보다 무게가 중요할 때",기존 일반 키워드를 상황·모델·행동 기준으로 분화
93,pass,브랜드·모델 비교,blog,비교형,카야노와 GT-2000,쿠션감|데일리런|장거리,"카야노와 GT-2000 고르는 법, 쿠션감·데일리런 실패 줄이기",93,unique,clear,0.62,"카야노와 GT-2000 고르는 법, 장거리·안정성 실패 줄이기",기존 일반 키워드를 상황·모델·행동 기준으로 분화
94,pass,브랜드·모델 비교,blog,비교형,고스트와 글리세린,발볼|무게|데일리런,"고스트와 글리세린, 발볼와 무게 중 먼저 볼 기준",95,unique,clear,0.64,"고스트와 글리세린, 가격대와 장거리 중 먼저 볼 기준",기존 일반 키워드를 상황·모델·행동 기준으로 분화
95,pass,브랜드·모델 비교,blog,비교형,페가수스와 보메로,장거리|안정성|무게,"페가수스와 보메로 선택 기준, 장거리보다 안정성가 중요할 때",95,unique,clear,0.63,"페가수스와 보메로 선택 기준, 무게보다 가격대가 중요할 때",기존 일반 키워드를 상황·모델·행동 기준으로 분화
96,pass,브랜드·모델 비교,blog,비교형,노바블라스트와 님버스,데일리런|회복주|안정성,"노바블라스트와 님버스 고르는 법, 데일리런·회복주 실패 줄이기",93,unique,clear,0.63,"노바블라스트와 님버스 고르는 법, 가격대·장거리 실패 줄이기",기존 일반 키워드를 상황·모델·행동 기준으로 분화
97,pass,브랜드·모델 비교,blog,비교형,레벨과 보스턴,무게|가격대|회복주,"레벨과 보스턴, 무게와 가격대 중 먼저 볼 기준",95,unique,clear,0.59,"레벨과 보스턴, 회복주와 발볼 중 먼저 볼 기준",기존 일반 키워드를 상황·모델·행동 기준으로 분화
98,pass,브랜드·모델 비교,blog,비교형,클라우드몬스터와 본디,안정성|쿠션감|가격대,"클라우드몬스터와 본디 선택 기준, 안정성보다 쿠션감가 중요할 때",95,unique,clear,0.68,"클라우드몬스터와 본디 선택 기준, 발볼보다 무게가 중요할 때",기존 일반 키워드를 상황·모델·행동 기준으로 분화
99,pass,브랜드·모델 비교,blog,비교형,트라이엄프와 글리세린,회복주|발볼|쿠션감,"트라이엄프와 글리세린 고르는 법, 회복주·발볼 실패 줄이기",93,unique,clear,0.64,"트라이엄프와 글리세린 고르는 법, 장거리·안정성 실패 줄이기",기존 일반 키워드를 상황·모델·행동 기준으로 분화
100,pass,통증·부상 예방,blog,문제해결,무릎 앞쪽 통증,훈련량|착지 위치|복귀 시점,"무릎 앞쪽 통증 불편할 때, 훈련량와 착지 위치 점검",93,unique,clear,0.27,"러닝화 뒤꿈치 뜸 불편할 때, 앞볼 압박와 발등 저림 점검",기존 일반 키워드를 상황·모델·행동 기준으로 분화
101,pass,통증·부상 예방,blog,문제해결,무릎 안쪽 통증,휴식 기준|강도 조절|통증 신호,"무릎 안쪽 통증 문제 신호, 휴식 기준부터 강도 조절까지",95,unique,clear,0.26,"러닝화 끈 묶기 문제 신호, 러너스 루프부터 토박스 공간까지",기존 일반 키워드를 상황·모델·행동 기준으로 분화
102,pass,통증·부상 예방,blog,문제해결,러닝 후 발등 통증,신발 마모|복귀 시점|회복일,"러닝 후 발등 통증 안 맞는 이유, 신발 마모·복귀 시점 확인",95,unique,clear,0.43,"러닝화 발가락 통증 안 맞는 이유, 발등 저림·러너스 루프 확인",기존 일반 키워드를 상황·모델·행동 기준으로 분화
103,pass,통증·부상 예방,blog,문제해결,아킬레스 뻐근함,착지 위치|통증 신호|훈련량,"아킬레스 뻐근함 불편할 때, 착지 위치와 통증 신호 점검",93,unique,clear,0.45,"무릎 앞쪽 통증 불편할 때, 훈련량와 착지 위치 점검",기존 일반 키워드를 상황·모델·행동 기준으로 분화
104,pass,통증·부상 예방,blog,문제해결,정강이 안쪽 통증,강도 조절|회복일|휴식 기준,"정강이 안쪽 통증 문제 신호, 강도 조절부터 회복일까지",93,unique,clear,0.59,"무릎 안쪽 통증 문제 신호, 휴식 기준부터 강도 조절까지",기존 일반 키워드를 상황·모델·행동 기준으로 분화
105,pass,통증·부상 예방,blog,문제해결,장거리 후 발바닥 열감,복귀 시점|훈련량|신발 마모,"장거리 후 발바닥 열감 안 맞는 이유, 복귀 시점·훈련량 확인",95,unique,clear,0.42,"러닝 후 발등 통증 안 맞는 이유, 신발 마모·복귀 시점 확인",기존 일반 키워드를 상황·모델·행동 기준으로 분화
106,pass,통증·부상 예방,blog,문제해결,내리막 후 무릎 부담,통증 신호|휴식 기준|착지 위치,"내리막 후 무릎 부담 불편할 때, 통증 신호와 휴식 기준 점검",95,unique,clear,0.34,내리막 러닝 무릎 통증 줄이는 신발 기준,기존 일반 키워드를 상황·모델·행동 기준으로 분화
107,pass,통증·부상 예방,blog,문제해결,인터벌 후 종아리 통증,회복일|신발 마모|강도 조절,"인터벌 후 종아리 통증 문제 신호, 회복일부터 신발 마모까지",93,unique,clear,0.43,"정강이 안쪽 통증 문제 신호, 강도 조절부터 회복일까지",기존 일반 키워드를 상황·모델·행동 기준으로 분화
108,pass,통증·부상 예방,blog,문제해결,러닝 후 발가락 저림,훈련량|착지 위치|복귀 시점,"러닝 후 발가락 저림 안 맞는 이유, 훈련량·착지 위치 확인",95,unique,clear,0.47,"러닝화 발가락 통증 안 맞는 이유, 발등 저림·러너스 루프 확인",기존 일반 키워드를 상황·모델·행동 기준으로 분화
109,pass,통증·부상 예방,blog,문제해결,무릎 앞쪽 통증,신발 마모|복귀 시점|통증 신호,"무릎 앞쪽 통증 불편할 때, 신발 마모와 복귀 시점 점검",93,unique,clear,0.48,"무릎 앞쪽 통증 불편할 때, 훈련량와 착지 위치 점검",기존 일반 키워드를 상황·모델·행동 기준으로 분화
110,pass,통증·부상 예방,blog,문제해결,무릎 안쪽 통증,착지 위치|통증 신호|회복일,"무릎 안쪽 통증 문제 신호, 착지 위치부터 통증 신호까지",93,unique,clear,0.56,"무릎 안쪽 통증 문제 신호, 휴식 기준부터 강도 조절까지",기존 일반 키워드를 상황·모델·행동 기준으로 분화
111,pass,통증·부상 예방,blog,문제해결,러닝 후 발등 통증,강도 조절|회복일|훈련량,"러닝 후 발등 통증 안 맞는 이유, 강도 조절·회복일 확인",95,unique,clear,0.56,"러닝 후 발등 통증 안 맞는 이유, 신발 마모·복귀 시점 확인",기존 일반 키워드를 상황·모델·행동 기준으로 분화
112,pass,통증·부상 예방,blog,문제해결,아킬레스 뻐근함,복귀 시점|훈련량|휴식 기준,"아킬레스 뻐근함 불편할 때, 복귀 시점와 훈련량 점검",93,unique,clear,0.50,"아킬레스 뻐근함 불편할 때, 착지 위치와 통증 신호 점검",기존 일반 키워드를 상황·모델·행동 기준으로 분화
113,pass,통증·부상 예방,blog,문제해결,정강이 안쪽 통증,통증 신호|휴식 기준|신발 마모,"정강이 안쪽 통증 문제 신호, 통증 신호부터 휴식 기준까지",95,unique,clear,0.71,"무릎 안쪽 통증 문제 신호, 휴식 기준부터 강도 조절까지",기존 일반 키워드를 상황·모델·행동 기준으로 분화
114,pass,통증·부상 예방,blog,문제해결,장거리 후 발바닥 열감,회복일|신발 마모|착지 위치,"장거리 후 발바닥 열감 안 맞는 이유, 회복일·신발 마모 확인",95,unique,clear,0.61,"장거리 후 발바닥 열감 안 맞는 이유, 복귀 시점·훈련량 확인",기존 일반 키워드를 상황·모델·행동 기준으로 분화
115,pass,통증·부상 예방,blog,문제해결,내리막 후 무릎 부담,훈련량|착지 위치|강도 조절,"내리막 후 무릎 부담 불편할 때, 훈련량와 착지 위치 점검",93,unique,clear,0.62,"무릎 앞쪽 통증 불편할 때, 훈련량와 착지 위치 점검",기존 일반 키워드를 상황·모델·행동 기준으로 분화
116,pass,통증·부상 예방,blog,문제해결,인터벌 후 종아리 통증,휴식 기준|강도 조절|복귀 시점,"인터벌 후 종아리 통증 문제 신호, 휴식 기준부터 강도 조절까지",95,unique,clear,0.64,"무릎 안쪽 통증 문제 신호, 휴식 기준부터 강도 조절까지",기존 일반 키워드를 상황·모델·행동 기준으로 분화
117,pass,통증·부상 예방,blog,문제해결,러닝 후 발가락 저림,신발 마모|복귀 시점|통증 신호,"러닝 후 발가락 저림 안 맞는 이유, 신발 마모·복귀 시점 확인",95,unique,clear,0.72,"러닝 후 발등 통증 안 맞는 이유, 신발 마모·복귀 시점 확인",기존 일반 키워드를 상황·모델·행동 기준으로 분화
118,pass,통증·부상 예방,blog,문제해결,무릎 앞쪽 통증,강도 조절|회복일|회복일,"무릎 앞쪽 통증 불편할 때, 강도 조절와 회복일 점검",93,unique,clear,0.54,"무릎 앞쪽 통증 불편할 때, 신발 마모와 복귀 시점 점검",기존 일반 키워드를 상황·모델·행동 기준으로 분화
119,pass,통증·부상 예방,blog,문제해결,무릎 안쪽 통증,복귀 시점|훈련량|훈련량,"무릎 안쪽 통증 문제 신호, 복귀 시점부터 훈련량까지",93,unique,clear,0.58,"무릎 안쪽 통증 문제 신호, 착지 위치부터 통증 신호까지",기존 일반 키워드를 상황·모델·행동 기준으로 분화
120,pass,통증·부상 예방,blog,문제해결,러닝 후 발등 통증,통증 신호|휴식 기준|휴식 기준,"러닝 후 발등 통증 안 맞는 이유, 통증 신호·휴식 기준 확인",95,unique,clear,0.58,"러닝 후 발등 통증 안 맞는 이유, 신발 마모·복귀 시점 확인",기존 일반 키워드를 상황·모델·행동 기준으로 분화
121,pass,통증·부상 예방,blog,문제해결,아킬레스 뻐근함,회복일|신발 마모|신발 마모,"아킬레스 뻐근함 불편할 때, 회복일와 신발 마모 점검",93,unique,clear,0.58,"아킬레스 뻐근함 불편할 때, 복귀 시점와 훈련량 점검",기존 일반 키워드를 상황·모델·행동 기준으로 분화
122,pass,통증·부상 예방,blog,문제해결,정강이 안쪽 통증,훈련량|착지 위치|착지 위치,"정강이 안쪽 통증 문제 신호, 훈련량부터 착지 위치까지",93,unique,clear,0.65,"무릎 안쪽 통증 문제 신호, 착지 위치부터 통증 신호까지",기존 일반 키워드를 상황·모델·행동 기준으로 분화
123,pass,통증·부상 예방,blog,문제해결,장거리 후 발바닥 열감,휴식 기준|강도 조절|강도 조절,"장거리 후 발바닥 열감 안 맞는 이유, 휴식 기준·강도 조절 확인",95,unique,clear,0.53,"장거리 후 발바닥 열감 안 맞는 이유, 회복일·신발 마모 확인",기존 일반 키워드를 상황·모델·행동 기준으로 분화
124,pass,통증·부상 예방,blog,문제해결,내리막 후 무릎 부담,신발 마모|복귀 시점|복귀 시점,"내리막 후 무릎 부담 불편할 때, 신발 마모와 복귀 시점 점검",93,unique,clear,0.62,"무릎 앞쪽 통증 불편할 때, 신발 마모와 복귀 시점 점검",기존 일반 키워드를 상황·모델·행동 기준으로 분화
125,pass,통증·부상 예방,blog,문제해결,인터벌 후 종아리 통증,착지 위치|통증 신호|통증 신호,"인터벌 후 종아리 통증 문제 신호, 착지 위치부터 통증 신호까지",93,unique,clear,0.64,"인터벌 후 종아리 통증 문제 신호, 회복일부터 신발 마모까지",기존 일반 키워드를 상황·모델·행동 기준으로 분화
126,pass,통증·부상 예방,blog,문제해결,러닝 후 발가락 저림,강도 조절|회복일|회복일,"러닝 후 발가락 저림 안 맞는 이유, 강도 조절·회복일 확인",95,unique,clear,0.72,"러닝 후 발등 통증 안 맞는 이유, 강도 조절·회복일 확인",기존 일반 키워드를 상황·모델·행동 기준으로 분화
127,pass,통증·부상 예방,blog,문제해결,무릎 앞쪽 통증,통증 신호|휴식 기준|훈련량,"무릎 앞쪽 통증 불편할 때, 통증 신호와 휴식 기준 점검",95,unique,clear,0.68,"내리막 후 무릎 부담 불편할 때, 통증 신호와 휴식 기준 점검",기존 일반 키워드를 상황·모델·행동 기준으로 분화
128,pass,통증·부상 예방,blog,문제해결,무릎 안쪽 통증,회복일|신발 마모|휴식 기준,"무릎 안쪽 통증 문제 신호, 회복일부터 신발 마모까지",93,unique,clear,0.62,"인터벌 후 종아리 통증 문제 신호, 회복일부터 신발 마모까지",기존 일반 키워드를 상황·모델·행동 기준으로 분화
129,pass,통증·부상 예방,blog,문제해결,러닝 후 발등 통증,훈련량|착지 위치|신발 마모,"러닝 후 발등 통증 안 맞는 이유, 훈련량·착지 위치 확인",95,unique,clear,0.72,"러닝 후 발가락 저림 안 맞는 이유, 훈련량·착지 위치 확인",기존 일반 키워드를 상황·모델·행동 기준으로 분화
130,pass,통증·부상 예방,blog,문제해결,아킬레스 뻐근함,휴식 기준|강도 조절|착지 위치,"아킬레스 뻐근함 불편할 때, 휴식 기준와 강도 조절 점검",95,unique,clear,0.50,"아킬레스 뻐근함 불편할 때, 복귀 시점와 훈련량 점검",기존 일반 키워드를 상황·모델·행동 기준으로 분화
131,pass,통증·부상 예방,blog,문제해결,정강이 안쪽 통증,신발 마모|복귀 시점|강도 조절,"정강이 안쪽 통증 문제 신호, 신발 마모부터 복귀 시점까지",93,unique,clear,0.62,"무릎 안쪽 통증 문제 신호, 회복일부터 신발 마모까지",기존 일반 키워드를 상황·모델·행동 기준으로 분화
132,pass,통증·부상 예방,blog,문제해결,장거리 후 발바닥 열감,착지 위치|통증 신호|복귀 시점,"장거리 후 발바닥 열감 안 맞는 이유, 착지 위치·통증 신호 확인",95,unique,clear,0.59,"장거리 후 발바닥 열감 안 맞는 이유, 회복일·신발 마모 확인",기존 일반 키워드를 상황·모델·행동 기준으로 분화
133,pass,통증·부상 예방,blog,문제해결,내리막 후 무릎 부담,강도 조절|회복일|통증 신호,"내리막 후 무릎 부담 불편할 때, 강도 조절와 회복일 점검",93,unique,clear,0.62,"무릎 앞쪽 통증 불편할 때, 강도 조절와 회복일 점검",기존 일반 키워드를 상황·모델·행동 기준으로 분화
134,pass,통증·부상 예방,blog,문제해결,인터벌 후 종아리 통증,복귀 시점|훈련량|회복일,"인터벌 후 종아리 통증 문제 신호, 복귀 시점부터 훈련량까지",93,unique,clear,0.63,"무릎 안쪽 통증 문제 신호, 복귀 시점부터 훈련량까지",기존 일반 키워드를 상황·모델·행동 기준으로 분화
135,pass,통증·부상 예방,blog,문제해결,러닝 후 발가락 저림,통증 신호|휴식 기준|훈련량,"러닝 후 발가락 저림 안 맞는 이유, 통증 신호·휴식 기준 확인",95,unique,clear,0.79,"러닝 후 발등 통증 안 맞는 이유, 통증 신호·휴식 기준 확인",기존 일반 키워드를 상황·모델·행동 기준으로 분화
136,pass,훈련·회복 루틴,blog,실행형,초보 러너 2주 루틴,걷뛰기|심박수|근육통,"초보 러너 2주 루틴 확인 순서, 걷뛰기 다음 심박수",95,unique,clear,0.30,"초보 러너 5km 준비, 걷뛰 루틴 기준",기존 일반 키워드를 상황·모델·행동 기준으로 분화
137,pass,훈련·회복 루틴,blog,실행형,주 2회 러닝 루틴,휴식일|거리 증가|회복주,"주 2회 러닝 루틴 실전 루틴, 휴식일부터 거리 증가까지",93,unique,clear,0.28,"러닝화 끈 묶기 문제 신호, 새끼발가락부터 장거리 붓기까지",기존 일반 키워드를 상황·모델·행동 기준으로 분화
138,pass,훈련·회복 루틴,blog,실행형,숨찬 초보 러닝,페이스 조절|근육통|주간 계획,"숨찬 초보 러닝 체크법, 페이스 조절와 근육통 나누기",93,unique,clear,0.36,"초보 러너 페이스 조절, 숨차지 않게 뛰는 법",기존 일반 키워드를 상황·모델·행동 기준으로 분화
139,pass,훈련·회복 루틴,blog,실행형,첫 3km 러닝,심박수|회복주|걷뛰기,"첫 3km 러닝 확인 순서, 심박수 다음 회복주",95,unique,clear,0.44,"초보 러너 2주 루틴 확인 순서, 걷뛰기 다음 심박수",기존 일반 키워드를 상황·모델·행동 기준으로 분화
140,pass,훈련·회복 루틴,blog,실행형,첫 10km 준비,거리 증가|주간 계획|휴식일,"첫 10km 준비 실전 루틴, 거리 증가부터 주간 계획까지",93,unique,clear,0.39,"주 2회 러닝 루틴 실전 루틴, 휴식일부터 거리 증가까지",기존 일반 키워드를 상황·모델·행동 기준으로 분화
141,pass,훈련·회복 루틴,blog,실행형,회복주 페이스,근육통|걷뛰기|페이스 조절,"회복주 페이스 체크법, 근육통와 걷뛰기 나누기",93,unique,clear,0.50,"숨찬 초보 러닝 체크법, 페이스 조절와 근육통 나누기",기존 일반 키워드를 상황·모델·행동 기준으로 분화
142,pass,훈련·회복 루틴,blog,실행형,러닝 휴식일,회복주|휴식일|심박수,"러닝 휴식일 확인 순서, 회복주 다음 휴식일",95,unique,clear,0.52,"첫 3km 러닝 확인 순서, 심박수 다음 회복주",기존 일반 키워드를 상황·모델·행동 기준으로 분화
143,pass,훈련·회복 루틴,blog,실행형,장거리 다음 날 회복,주간 계획|페이스 조절|거리 증가,"장거리 다음 날 회복 실전 루틴, 주간 계획부터 페이스 조절까지",93,unique,clear,0.38,"첫 10km 준비 실전 루틴, 거리 증가부터 주간 계획까지",기존 일반 키워드를 상황·모델·행동 기준으로 분화
144,pass,훈련·회복 루틴,blog,실행형,Z2 조깅 루틴,걷뛰기|심박수|근육통,"Z2 조깅 루틴 체크법, 걷뛰기와 심박수 나누기",93,unique,clear,0.36,"회복주 페이스 체크법, 근육통와 걷뛰기 나누기",기존 일반 키워드를 상황·모델·행동 기준으로 분화
145,pass,훈련·회복 루틴,blog,실행형,체중감량 러닝 루틴,휴식일|거리 증가|회복주,"체중감량 러닝 루틴 확인 순서, 휴식일 다음 거리 증가",95,unique,clear,0.50,"러닝 휴식일 확인 순서, 회복주 다음 휴식일",기존 일반 키워드를 상황·모델·행동 기준으로 분화
146,pass,훈련·회복 루틴,blog,실행형,초보 러너 2주 루틴,심박수|회복주|주간 계획,"초보 러너 2주 루틴 실전 루틴, 심박수부터 회복주까지",93,unique,clear,0.40,"주 2회 러닝 루틴 실전 루틴, 휴식일부터 거리 증가까지",기존 일반 키워드를 상황·모델·행동 기준으로 분화
147,pass,훈련·회복 루틴,blog,실행형,주 2회 러닝 루틴,거리 증가|주간 계획|걷뛰기,"주 2회 러닝 루틴 체크법, 거리 증가와 주간 계획 나누기",93,unique,clear,0.32,"주 2회 러닝 루틴 실전 루틴, 휴식일부터 거리 증가까지",기존 일반 키워드를 상황·모델·행동 기준으로 분화
148,pass,훈련·회복 루틴,blog,실행형,숨찬 초보 러닝,근육통|걷뛰기|휴식일,"숨찬 초보 러닝 확인 순서, 근육통 다음 걷뛰기",95,unique,clear,0.50,"초보 러너 2주 루틴 확인 순서, 걷뛰기 다음 심박수",기존 일반 키워드를 상황·모델·행동 기준으로 분화
149,pass,훈련·회복 루틴,blog,실행형,첫 3km 러닝,회복주|휴식일|페이스 조절,"첫 3km 러닝 실전 루틴, 회복주부터 휴식일까지",93,unique,clear,0.57,"주 2회 러닝 루틴 실전 루틴, 휴식일부터 거리 증가까지",기존 일반 키워드를 상황·모델·행동 기준으로 분화
150,pass,훈련·회복 루틴,blog,실행형,첫 10km 준비,주간 계획|페이스 조절|심박수,"첫 10km 준비 체크법, 주간 계획와 페이스 조절 나누기",93,unique,clear,0.38,"숨찬 초보 러닝 체크법, 페이스 조절와 근육통 나누기",기존 일반 키워드를 상황·모델·행동 기준으로 분화
151,pass,훈련·회복 루틴,blog,실행형,회복주 페이스,걷뛰기|심박수|거리 증가,"회복주 페이스 확인 순서, 걷뛰기 다음 심박수",95,unique,clear,0.57,"초보 러너 2주 루틴 확인 순서, 걷뛰기 다음 심박수",기존 일반 키워드를 상황·모델·행동 기준으로 분화
152,pass,훈련·회복 루틴,blog,실행형,장거리 다음 날 회복,페이스 조절|근육통|회복주,"장거리 다음 날 회복 체크법, 페이스 조절와 근육통 나누기",93,unique,clear,0.58,"회복주 페이스 체크법, 근육통와 걷뛰기 나누기",기존 일반 키워드를 상황·모델·행동 기준으로 분화
153,pass,훈련·회복 루틴,blog,실행형,Z2 조깅 루틴,심박수|회복주|주간 계획,"Z2 조깅 루틴 확인 순서, 심박수 다음 회복주",95,unique,clear,0.55,"첫 3km 러닝 확인 순서, 심박수 다음 회복주",기존 일반 키워드를 상황·모델·행동 기준으로 분화
154,pass,훈련·회복 루틴,blog,실행형,체중감량 러닝 루틴,거리 증가|주간 계획|걷뛰기,"체중감량 러닝 루틴 실전 루틴, 거리 증가부터 주간 계획까지",93,unique,clear,0.52,"주 2회 러닝 루틴 실전 루틴, 휴식일부터 거리 증가까지",기존 일반 키워드를 상황·모델·행동 기준으로 분화
155,pass,훈련·회복 루틴,blog,실행형,초보 러너 2주 루틴,회복주|휴식일|휴식일,"초보 러너 2주 루틴 체크법, 회복주와 휴식일 나누기",93,unique,clear,0.42,"주 2회 러닝 루틴 체크법, 거리 증가와 주간 계획 나누기",기존 일반 키워드를 상황·모델·행동 기준으로 분화
156,pass,훈련·회복 루틴,blog,실행형,주 2회 러닝 루틴,주간 계획|페이스 조절|페이스 조절,"주 2회 러닝 루틴 확인 순서, 주간 계획 다음 페이스 조절",95,unique,clear,0.43,"러닝 휴식일 확인 순서, 회복주 다음 휴식일",기존 일반 키워드를 상황·모델·행동 기준으로 분화
157,pass,훈련·회복 루틴,blog,실행형,숨찬 초보 러닝,걷뛰기|심박수|심박수,"숨찬 초보 러닝 실전 루틴, 걷뛰기부터 심박수까지",93,unique,clear,0.52,"초보 러너 2주 루틴 실전 루틴, 심박수부터 회복주까지",기존 일반 키워드를 상황·모델·행동 기준으로 분화
158,pass,훈련·회복 루틴,blog,실행형,첫 3km 러닝,휴식일|거리 증가|거리 증가,"첫 3km 러닝 체크법, 휴식일와 거리 증가 나누기",93,unique,clear,0.50,"주 2회 러닝 루틴 체크법, 거리 증가와 주간 계획 나누기",기존 일반 키워드를 상황·모델·행동 기준으로 분화
159,pass,훈련·회복 루틴,blog,실행형,첫 10km 준비,페이스 조절|근육통|근육통,"첫 10km 준비 확인 순서, 페이스 조절 다음 근육통",95,unique,clear,0.38,"주 2회 러닝 루틴 확인 순서, 주간 계획 다음 페이스 조절",기존 일반 키워드를 상황·모델·행동 기준으로 분화
160,pass,훈련·회복 루틴,blog,실행형,회복주 페이스,심박수|회복주|회복주,"회복주 페이스 실전 루틴, 심박수부터 회복주까지",93,unique,clear,0.60,"초보 러너 2주 루틴 실전 루틴, 심박수부터 회복주까지",기존 일반 키워드를 상황·모델·행동 기준으로 분화
161,pass,훈련·회복 루틴,blog,실행형,러닝 휴식일,거리 증가|주간 계획|주간 계획,"러닝 휴식일 체크법, 거리 증가와 주간 계획 나누기",93,unique,clear,0.77,"주 2회 러닝 루틴 체크법, 거리 증가와 주간 계획 나누기",기존 일반 키워드를 상황·모델·행동 기준으로 분화
162,pass,훈련·회복 루틴,blog,실행형,장거리 다음 날 회복,근육통|걷뛰기|걷뛰기,"장거리 다음 날 회복 확인 순서, 근육통 다음 걷뛰기",95,unique,clear,0.50,"숨찬 초보 러닝 확인 순서, 근육통 다음 걷뛰기",기존 일반 키워드를 상황·모델·행동 기준으로 분화
163,pass,훈련·회복 루틴,blog,실행형,Z2 조깅 루틴,회복주|휴식일|휴식일,"Z2 조깅 루틴 실전 루틴, 회복주부터 휴식일까지",93,unique,clear,0.55,"주 2회 러닝 루틴 실전 루틴, 휴식일부터 거리 증가까지",기존 일반 키워드를 상황·모델·행동 기준으로 분화
164,pass,훈련·회복 루틴,blog,실행형,체중감량 러닝 루틴,주간 계획|페이스 조절|페이스 조절,"체중감량 러닝 루틴 체크법, 주간 계획와 페이스 조절 나누기",93,unique,clear,0.57,"첫 10km 준비 체크법, 주간 계획와 페이스 조절 나누기",기존 일반 키워드를 상황·모델·행동 기준으로 분화
165,pass,도구·계산기,blog,실행형,페이스 계산기 결과,조깅 속도|5km 기록|하프 준비,"페이스 계산기 결과 확인 순서, 조깅 속도 다음 5km 기록",95,unique,clear,0.39,"첫 10km 준비 확인 순서, 페이스 조절 다음 근육통",기존 일반 키워드를 상황·모델·행동 기준으로 분화
166,pass,도구·계산기,blog,실행형,심박수 구간 계산,템포런|10km 목표|체중 변화,"심박수 구간 계산 실전 루틴, 템포런부터 10km 목표까지",93,unique,clear,0.39,"첫 10km 준비 실전 루틴, 거리 증가부터 주간 계획까지",기존 일반 키워드를 상황·모델·행동 기준으로 분화
167,pass,도구·계산기,blog,실행형,칼로리 계산기 결과,Z2|하프 준비|신발 사이즈,"칼로리 계산기 결과 체크법, Z2와 하프 준비 나누기",93,unique,clear,0.34,"주 2회 러닝 루틴 체크법, 거리 증가와 주간 계획 나누기",기존 일반 키워드를 상황·모델·행동 기준으로 분화
168,pass,도구·계산기,blog,실행형,완주 예측 계산,5km 기록|체중 변화|조깅 속도,"완주 예측 계산 확인 순서, 5km 기록 다음 체중 변화",95,unique,clear,0.43,"페이스 계산기 결과 확인 순서, 조깅 속도 다음 5km 기록",기존 일반 키워드를 상황·모델·행동 기준으로 분화
169,pass,도구·계산기,blog,실행형,체중감량 계산 결과,10km 목표|신발 사이즈|템포런,"체중감량 계산 결과 실전 루틴, 10km 목표부터 신발 사이즈까지",93,unique,clear,0.42,"심박수 구간 계산 실전 루틴, 템포런부터 10km 목표까지",기존 일반 키워드를 상황·모델·행동 기준으로 분화
170,pass,도구·계산기,blog,실행형,발 사이즈 변환기,하프 준비|조깅 속도|Z2,"발 사이즈 변환기 체크법, 하프 준비와 조깅 속도 나누기",93,unique,clear,0.37,"칼로리 계산기 결과 체크법, Z2와 하프 준비 나누기",기존 일반 키워드를 상황·모델·행동 기준으로 분화
171,pass,도구·계산기,blog,실행형,훈련 페이스표,체중 변화|템포런|5km 기록,"훈련 페이스표 확인 순서, 체중 변화 다음 템포런",95,unique,clear,0.33,"완주 예측 계산 확인 순서, 5km 기록 다음 체중 변화",기존 일반 키워드를 상황·모델·행동 기준으로 분화
172,pass,도구·계산기,blog,실행형,목표 기록 페이스,신발 사이즈|Z2|10km 목표,"목표 기록 페이스 실전 루틴, 신발 사이즈부터 Z2까지",93,unique,clear,0.42,"체중감량 계산 결과 실전 루틴, 10km 목표부터 신발 사이즈까지",기존 일반 키워드를 상황·모델·행동 기준으로 분화
173,pass,도구·계산기,blog,실행형,페이스 계산기 결과,템포런|10km 목표|하프 준비,"페이스 계산기 결과 체크법, 템포런와 10km 목표 나누기",93,unique,clear,0.48,"첫 10km 준비 체크법, 주간 계획와 페이스 조절 나누기",기존 일반 키워드를 상황·모델·행동 기준으로 분화
174,pass,도구·계산기,blog,실행형,심박수 구간 계산,Z2|하프 준비|체중 변화,"심박수 구간 계산 확인 순서, Z2 다음 하프 준비",95,unique,clear,0.46,"Z2 조깅 루틴 확인 순서, 심박수 다음 회복주",기존 일반 키워드를 상황·모델·행동 기준으로 분화
175,pass,도구·계산기,blog,실행형,칼로리 계산기 결과,5km 기록|체중 변화|신발 사이즈,"칼로리 계산기 결과 실전 루틴, 5km 기록부터 체중 변화까지",93,unique,clear,0.42,"체중감량 계산 결과 실전 루틴, 10km 목표부터 신발 사이즈까지",기존 일반 키워드를 상황·모델·행동 기준으로 분화
176,pass,도구·계산기,blog,실행형,완주 예측 계산,10km 목표|신발 사이즈|조깅 속도,"완주 예측 계산 체크법, 10km 목표와 신발 사이즈 나누기",93,unique,clear,0.52,"페이스 계산기 결과 체크법, 템포런와 10km 목표 나누기",기존 일반 키워드를 상황·모델·행동 기준으로 분화
177,pass,도구·계산기,blog,실행형,체중감량 계산 결과,하프 준비|조깅 속도|템포런,"체중감량 계산 결과 확인 순서, 하프 준비 다음 조깅 속도",95,unique,clear,0.47,"페이스 계산기 결과 확인 순서, 조깅 속도 다음 5km 기록",기존 일반 키워드를 상황·모델·행동 기준으로 분화
178,pass,도구·계산기,blog,실행형,발 사이즈 변환기,체중 변화|템포런|Z2,"발 사이즈 변환기 실전 루틴, 체중 변화부터 템포런까지",93,unique,clear,0.41,"목표 기록 페이스 실전 루틴, 신발 사이즈부터 Z2까지",기존 일반 키워드를 상황·모델·행동 기준으로 분화
179,pass,도구·계산기,blog,실행형,훈련 페이스표,신발 사이즈|Z2|5km 기록,"훈련 페이스표 체크법, 신발 사이즈와 Z2 나누기",93,unique,clear,0.43,"완주 예측 계산 체크법, 10km 목표와 신발 사이즈 나누기",기존 일반 키워드를 상황·모델·행동 기준으로 분화
180,pass,도구·계산기,blog,실행형,목표 기록 페이스,조깅 속도|5km 기록|10km 목표,"목표 기록 페이스 확인 순서, 조깅 속도 다음 5km 기록",95,unique,clear,0.75,"페이스 계산기 결과 확인 순서, 조깅 속도 다음 5km 기록",기존 일반 키워드를 상황·모델·행동 기준으로 분화
181,pass,도구·계산기,blog,실행형,페이스 계산기 결과,Z2|하프 준비|하프 준비,"페이스 계산기 결과 실전 루틴, Z2부터 하프 준비까지",93,unique,clear,0.44,"목표 기록 페이스 실전 루틴, 신발 사이즈부터 Z2까지",기존 일반 키워드를 상황·모델·행동 기준으로 분화
182,pass,도구·계산기,blog,실행형,심박수 구간 계산,5km 기록|체중 변화|체중 변화,"심박수 구간 계산 체크법, 5km 기록와 체중 변화 나누기",93,unique,clear,0.37,"Z2 조깅 루틴 체크법, 걷뛰기와 심박수 나누기",기존 일반 키워드를 상황·모델·행동 기준으로 분화
183,pass,도구·계산기,blog,실행형,칼로리 계산기 결과,10km 목표|신발 사이즈|신발 사이즈,"칼로리 계산기 결과 확인 순서, 10km 목표 다음 신발 사이즈",95,unique,clear,0.43,"체중감량 계산 결과 실전 루틴, 10km 목표부터 신발 사이즈까지",기존 일반 키워드를 상황·모델·행동 기준으로 분화
184,pass,도구·계산기,blog,실행형,완주 예측 계산,하프 준비|조깅 속도|조깅 속도,"완주 예측 계산 실전 루틴, 하프 준비부터 조깅 속도까지",93,unique,clear,0.43,"페이스 계산기 결과 실전 루틴, Z2부터 하프 준비까지",기존 일반 키워드를 상황·모델·행동 기준으로 분화
185,pass,도구·계산기,blog,실행형,체중감량 계산 결과,체중 변화|템포런|템포런,"체중감량 계산 결과 체크법, 체중 변화와 템포런 나누기",93,unique,clear,0.50,"페이스 계산기 결과 체크법, 템포런와 10km 목표 나누기",기존 일반 키워드를 상황·모델·행동 기준으로 분화
186,pass,도구·계산기,blog,실행형,발 사이즈 변환기,신발 사이즈|Z2|Z2,"발 사이즈 변환기 확인 순서, 신발 사이즈 다음 Z2",95,unique,clear,0.48,해외 직구 전 사이즈 변환기 확인 순서,기존 일반 키워드를 상황·모델·행동 기준으로 분화
187,pass,도구·계산기,blog,실행형,훈련 페이스표,조깅 속도|5km 기록|5km 기록,"훈련 페이스표 실전 루틴, 조깅 속도부터 5km 기록까지",93,unique,clear,0.46,"목표 기록 페이스 확인 순서, 조깅 속도 다음 5km 기록",기존 일반 키워드를 상황·모델·행동 기준으로 분화
188,pass,도구·계산기,blog,실행형,목표 기록 페이스,템포런|10km 목표|10km 목표,"목표 기록 페이스 체크법, 템포런와 10km 목표 나누기",93,unique,clear,0.79,"페이스 계산기 결과 체크법, 템포런와 10km 목표 나누기",기존 일반 키워드를 상황·모델·행동 기준으로 분화
189,pass,도구·계산기,blog,실행형,페이스 계산기 결과,5km 기록|체중 변화|하프 준비,"페이스 계산기 결과 확인 순서, 5km 기록 다음 체중 변화",95,unique,clear,0.69,"페이스 계산기 결과 확인 순서, 조깅 속도 다음 5km 기록",기존 일반 키워드를 상황·모델·행동 기준으로 분화
190,pass,계절·노면·생활형,blog,정보탐색,여름 러닝화 관리,건조 시간|쿠션 손상|반사 소재,"여름 러닝화 관리 기준, 건조 시간와 쿠션 손상 차이",95,unique,clear,0.33,"여름 러닝화 선택 기준, 통기성과 쿠션 균형",기존 일반 키워드를 상황·모델·행동 기준으로 분화
191,pass,계절·노면·생활형,blog,정보탐색,겨울 러닝화 보관,미끄럼|양말|노면,"겨울 러닝화 보관 이해하기, 미끄럼·양말 핵심",93,unique,clear,0.42,"러닝화 반업 기준 이해하기, 양말 두께·정사이즈 핵심",기존 일반 키워드를 상황·모델·행동 기준으로 분화
192,pass,계절·노면·생활형,blog,정보탐색,비 오는 날 러닝화,통기성|반사 소재|세탁 기준,"비 오는 날 러닝화 FAQ, 통기성와 반사 소재 질문",93,unique,clear,0.39,비 오는 날 달리기 — 방수 러닝화와 우천 달리기 완전 가이드,기존 일반 키워드를 상황·모델·행동 기준으로 분화
193,pass,계절·노면·생활형,blog,정보탐색,트레드밀 러닝화,쿠션 손상|노면|건조 시간,"트레드밀 러닝화 기준, 쿠션 손상와 노면 차이",95,unique,clear,0.46,"여름 러닝화 관리 기준, 건조 시간와 쿠션 손상 차이",기존 일반 키워드를 상황·모델·행동 기준으로 분화
194,pass,계절·노면·생활형,blog,정보탐색,야간 러닝 준비,양말|세탁 기준|미끄럼,"야간 러닝 준비 이해하기, 양말·세탁 기준 핵심",95,unique,clear,0.46,"러닝화 반업 기준 이해하기, 양말 두께·정사이즈 핵심",기존 일반 키워드를 상황·모델·행동 기준으로 분화
195,pass,계절·노면·생활형,blog,정보탐색,러닝화 세탁,반사 소재|건조 시간|통기성,"러닝화 세탁 FAQ, 반사 소재와 건조 시간 질문",93,unique,clear,0.43,"비 오는 날 러닝화 FAQ, 통기성와 반사 소재 질문",기존 일반 키워드를 상황·모델·행동 기준으로 분화
196,pass,계절·노면·생활형,blog,정보탐색,러닝화 냄새 관리,노면|미끄럼|쿠션 손상,"러닝화 냄새 관리 기준, 노면와 미끄럼 차이",95,unique,clear,0.40,"트레드밀 러닝화 기준, 쿠션 손상와 노면 차이",기존 일반 키워드를 상황·모델·행동 기준으로 분화
197,pass,계절·노면·생활형,blog,정보탐색,러닝화 건조,세탁 기준|통기성|양말,"러닝화 건조 이해하기, 세탁 기준·통기성 핵심",95,unique,clear,0.52,"야간 러닝 준비 이해하기, 양말·세탁 기준 핵심",기존 일반 키워드를 상황·모델·행동 기준으로 분화
198,pass,계절·노면·생활형,blog,정보탐색,출퇴근 겸용 러닝화,건조 시간|쿠션 손상|반사 소재,"출퇴근 겸용 러닝화 FAQ, 건조 시간와 쿠션 손상 질문",93,unique,clear,0.44,"여름 러닝화 관리 기준, 건조 시간와 쿠션 손상 차이",기존 일반 키워드를 상황·모델·행동 기준으로 분화
199,pass,계절·노면·생활형,blog,정보탐색,여름 러닝화 관리,통기성|반사 소재|노면,"여름 러닝화 관리 기준, 통기성와 반사 소재 차이",95,unique,clear,0.46,"여름 러닝화 관리 기준, 건조 시간와 쿠션 손상 차이",기존 일반 키워드를 상황·모델·행동 기준으로 분화
200,pass,계절·노면·생활형,blog,정보탐색,겨울 러닝화 보관,쿠션 손상|노면|세탁 기준,"겨울 러닝화 보관 이해하기, 쿠션 손상·노면 핵심",93,unique,clear,0.54,"겨울 러닝화 보관 이해하기, 미끄럼·양말 핵심",기존 일반 키워드를 상황·모델·행동 기준으로 분화
